"Cage","winner","loser","score","cohort","date","hrs","min","sec"
"Cage 1",8,1,1,1,2021-09-27,11,6,35
"Cage 2",1,6,1,1,2021-09-27,11,7,5
"Cage 2",4,1,0.5,1,2021-09-27,11,8,6
"Cage 1",1,6,1,1,2021-09-27,11,8,20
"Cage 2",1,4,1,1,2021-09-27,11,8,31
"Cage 5",3,1,1,1,2021-09-27,11,10,48
"Cage 2",1,6,1,1,2021-09-27,11,10,57
"Cage 6",7,8,0.5,1,2021-09-27,11,11,41
"Cage 6",7,4,1,1,2021-09-27,11,12,16
"Cage 4",8,4,1,1,2021-09-27,11,12,49
"Cage 1",1,3,1,1,2021-09-27,11,13,7
"Cage 4",7,6,1,1,2021-09-27,11,13,54
"Cage 2",1,6,1,1,2021-09-27,11,14,40
"Cage 2",4,1,0.5,1,2021-09-27,11,14,58
"Cage 2",7,4,1,1,2021-09-27,11,16,1
"Cage 1",1,7,1,1,2021-09-27,11,17,24
"Cage 4",7,4,1,1,2021-09-27,11,19,31
"Cage 3",7,3,1,1,2021-09-27,11,21,36
"Cage 6",7,3,1,1,2021-09-27,11,22,3
"Cage 4",7,1,1,1,2021-09-27,11,23,44
"Cage 4",1,8,1,1,2021-09-27,11,23,54
"Cage 5",6,3,1,1,2021-09-27,11,25,23
"Cage 1",8,1,1,1,2021-09-27,11,26,5
"Cage 5",8,4,1,1,2021-09-27,11,26,21
"Cage 5",7,6,1,1,2021-09-27,11,26,39
"Cage 6",8,1,1,1,2021-09-27,11,28,22
"Cage 6",8,7,0.5,1,2021-09-27,11,29,15
"Cage 3",7,1,1,1,2021-09-27,11,33,12
"Cage 1",8,7,1,1,2021-09-27,11,33,36
"Cage 2",7,6,1,1,2021-09-27,11,33,46
"Cage 1",7,4,1,1,2021-09-27,11,35,47
"Cage 1",7,4,1,1,2021-09-27,11,37,40
"Cage 2",7,6,1,1,2021-09-27,11,38,47
"Cage 2",7,3,1,1,2021-09-27,11,40,6
"Cage 5",8,1,1,1,2021-09-27,11,43,14
"Cage 6",7,1,1,1,2021-09-27,11,43,29
"Cage 2",7,4,1,1,2021-09-27,11,44,41
"Cage 2",7,6,1,1,2021-09-27,11,44,53
"Cage 6",3,1,1,1,2021-09-27,11,45,54
"Cage 3",8,3,1,1,2021-09-27,11,46,14
"Cage 1",7,8,1,1,2021-09-27,11,47,28
"Cage 2",7,4,1,1,2021-09-27,11,47,40
"Cage 4",7,4,1,1,2021-09-27,11,47,50
"Cage 5",7,3,1,1,2021-09-27,11,48,31
"Cage 5",1,4,1,1,2021-09-27,11,50,0
"Cage 6",1,8,1,1,2021-09-27,11,51,13
"Cage 5",1,4,1,1,2021-09-27,11,51,41
"Cage 6",7,4,1,1,2021-09-27,11,52,57
"Cage 6",7,4,1,1,2021-09-27,11,53,8
"Cage 6",8,6,1,1,2021-09-27,11,54,47
"Cage 1",7,4,1,1,2021-09-27,11,55,38
"Cage 4",4,3,1,1,2021-09-27,11,56,29
"Cage 5",7,4,1,1,2021-09-27,11,59,12
"Cage 5",1,8,1,1,2021-09-27,11,59,25
"Cage 2",7,4,1,1,2021-09-27,13,12,14
"Cage 3",7,6,0.5,1,2021-09-27,13,14,27
"Cage 4",7,6,1,1,2021-09-27,13,14,42
"Cage 4",7,4,1,1,2021-09-27,13,17,15
"Cage 5",7,4,1,1,2021-09-27,13,17,25
"Cage 6",1,4,1,1,2021-09-27,13,20,30
"Cage 6",7,4,1,1,2021-09-27,13,21,11
"Cage 2",7,1,1,1,2021-09-27,13,21,40
"Cage 3",7,8,1,1,2021-09-27,13,23,1
"Cage 1",7,8,1,1,2021-09-27,13,38,10
"Cage 1",7,8,1,1,2021-09-27,13,38,24
"Cage 4",4,8,1,1,2021-09-27,13,39,38
"Cage 5",4,6,1,1,2021-09-27,13,40,37
"Cage 3",4,6,1,1,2021-09-27,13,41,31
"Cage 5",7,4,1,1,2021-09-27,13,43,37
"Cage 5",4,8,1,1,2021-09-27,13,45,43
"Cage 3",7,4,1,1,2021-09-27,13,46,5
"Cage 2",7,4,1,1,2021-09-27,13,49,51
"Cage 4",7,4,1,1,2021-09-27,13,51,22
"Cage 4",4,8,1,1,2021-09-27,13,53,18
"Cage 3",7,4,1,1,2021-09-27,13,53,56
"Cage 5",4,8,1,1,2021-09-27,13,55,43
"Cage 2",7,8,1,1,2021-09-27,13,56,6
"Cage 2",7,8,1,1,2021-09-27,13,56,36
"Cage 2",7,1,1,1,2021-09-27,14,0,5
"Cage 6",7,8,1,1,2021-09-27,14,1,39
"Cage 5",7,4,1,1,2021-09-27,14,4,8
"Cage 3",7,4,1,1,2021-09-27,14,5,9
"Cage 6",7,1,1,1,2021-09-27,14,6,51
"Cage 5",7,6,0.5,1,2021-09-27,14,7,33
"Cage 5",7,8,1,1,2021-09-27,14,8,34
"Cage 5",6,3,1,1,2021-09-28,11,6,19
"Cage 4",7,6,1,1,2021-09-28,11,9,2
"Cage 3",6,7,0.5,1,2021-09-28,11,9,46
"Cage 1",7,8,1,1,2021-09-28,11,17,51
"Cage 1",7,6,1,1,2021-09-28,11,21,39
"Cage 4",6,7,1,1,2021-09-28,11,23,52
"Cage 5",6,3,1,1,2021-09-28,14,13,26
"Cage 5",6,7,1,1,2021-09-28,14,14,14
"Cage 3",6,1,1,1,2021-09-28,14,17,37
"Cage 2",7,3,1,1,2021-09-28,14,19,19
"Cage 2",6,7,1,1,2021-09-28,14,22,8
"Cage 3",6,3,1,1,2021-09-28,14,22,33
"Cage 4",1,8,1,1,2021-09-28,14,26,26
"Cage 2",6,1,1,1,2021-09-28,14,26,58
"Cage 6",6,7,1,1,2021-09-28,14,29,57
"Cage 3",6,1,1,1,2021-09-29,12,57,14
"Cage 1",7,8,1,1,2021-09-29,12,58,24
"Cage 1",6,7,1,1,2021-09-29,13,0,2
"Cage 2",6,3,1,1,2021-09-29,13,0,37
"Cage 2",6,4,1,1,2021-09-29,13,1,2
"Cage 2",6,3,1,1,2021-09-29,13,3,27
"Cage 1",6,3,1,1,2021-09-29,13,4,4
"Cage 2",6,7,1,1,2021-09-29,13,4,33
"Cage 2",8,3,1,1,2021-09-29,13,6,59
"Cage 2",6,3,1,1,2021-09-29,13,8,38
"Cage 5",1,3,1,1,2021-09-29,13,16,13
"Cage 2",6,4,1,1,2021-09-29,13,16,39
"Cage 3",6,4,1,1,2021-09-29,13,16,56
"Cage 1",6,7,1,1,2021-09-29,13,17,23
"Cage 2",8,3,1,1,2021-09-29,13,21,3
"Cage 2",1,4,1,1,2021-09-29,13,23,19
"Cage 2",6,3,1,1,2021-09-29,13,26,2
"Cage 2",6,4,1,1,2021-09-29,13,26,13
"Cage 2",6,7,1,1,2021-09-29,13,28,18
"Cage 1",7,8,1,1,2021-09-29,13,29,57
"Cage 1",6,4,1,1,2021-09-29,13,30,48
"Cage 1",6,7,1,1,2021-09-29,13,30,58
"Cage 2",6,7,1,1,2021-09-29,13,36,58
"Cage 1",7,8,1,1,2021-09-29,13,39,3
"Cage 2",7,3,1,1,2021-09-29,13,39,31
"Cage 6",6,7,1,1,2021-09-29,13,41,39
"Cage 4",8,3,0.5,1,2021-09-29,13,51,42
"Cage 3",1,8,1,1,2021-09-29,13,53,31
"Cage 6",4,3,1,1,2021-09-29,13,54,40
"Cage 1",7,8,1,1,2021-09-29,13,56,16
"Cage 2",7,4,1,1,2021-09-29,13,56,24
"Cage 4",1,3,1,1,2021-09-29,13,57,39
"Cage 2",6,4,1,1,2021-09-29,13,59,42
"Cage 6",6,7,1,1,2021-09-29,14,1,29
"Cage 1",6,7,1,1,2021-09-29,14,5,22
"Cage 2",6,7,1,1,2021-09-29,14,6,57
"Cage 1",6,7,1,1,2021-09-29,14,7,17
"Cage 1",6,8,1,1,2021-09-29,14,7,28
"Cage 1",6,7,1,1,2021-09-29,14,15,59
"Cage 3",6,8,1,1,2021-09-29,14,16,53
"Cage 5",6,8,1,1,2021-09-29,14,21,15
"Cage 2",6,3,1,1,2021-09-29,14,24,29
"Cage 1",6,7,1,1,2021-09-29,14,24,40
"Cage 1",6,3,1,1,2021-09-29,14,27,50
"Cage 6",1,3,1,1,2021-09-29,14,34,32
"Cage 2",6,1,1,1,2021-09-29,14,39,7
"Cage 1",6,7,1,1,2021-09-29,14,39,18
"Cage 1",6,8,1,1,2021-09-30,14,42,15
"Cage 1",6,7,1,1,2021-09-30,14,42,24
"Cage 1",6,7,1,1,2021-09-30,14,45,34
"Cage 2",6,4,1,1,2021-09-30,14,47,27
"Cage 5",6,4,1,1,2021-09-30,14,48,2
"Cage 1",6,7,1,1,2021-09-30,14,54,1
"Cage 5",6,4,1,1,2021-09-30,14,54,25
"Cage 2",6,7,1,1,2021-09-30,14,58,5
"Cage 2",1,3,1,1,2021-09-30,15,18,49
"Cage 6",6,4,1,1,2021-09-30,15,37,9
"Cage 1",6,7,1,1,2021-10-01,13,17,45
"Cage 2",6,7,1,1,2021-10-01,13,18,38
"Cage 5",6,7,1,1,2021-10-01,13,18,52
"Cage 6",6,4,1,1,2021-10-01,13,20,9
"Cage 2",6,8,1,1,2021-10-01,13,22,29
"Cage 2",6,7,1,1,2021-10-01,13,22,58
"Cage 5",6,7,1,1,2021-10-01,13,23,8
"Cage 6",6,4,1,1,2021-10-01,13,24,2
"Cage 4",1,8,1,1,2021-10-01,13,30,53
"Cage 3",1,7,1,1,2021-10-01,13,33,5
"Cage 1",6,7,1,1,2021-10-01,13,35,42
"Cage 5",6,4,1,1,2021-10-01,13,36,37
"Cage 6",6,4,1,1,2021-10-01,13,41,7
"Cage 2",6,8,1,1,2021-10-01,13,42,44
"Cage 2",6,4,1,1,2021-10-01,13,45,45
"Cage 5",1,8,1,1,2021-10-01,13,46,59
"Cage 5",6,4,1,1,2021-10-01,13,49,40
"Cage 4",1,8,1,1,2021-10-01,13,54,54
"Cage 2",1,4,1,1,2021-10-01,13,55,26
"Cage 1",7,4,1,1,2021-10-01,14,0,51
"Cage 2",7,4,1,1,2021-10-01,14,3,0
"Cage 6",6,4,1,1,2021-10-02,18,11,48
"Cage 3",6,4,1,1,2021-10-02,18,13,46
"Cage 5",6,3,1,1,2021-10-02,18,18,6
"Cage 3",6,4,1,1,2021-10-02,18,20,17
"Cage 2",6,3,1,1,2021-10-02,18,30,3
"Cage 2",6,3,1,1,2021-10-02,18,30,33
"Cage 1",6,1,1,1,2021-10-02,18,30,47
"Cage 4",6,4,1,1,2021-10-02,18,33,13
"Cage 4",1,4,1,1,2021-10-02,18,34,39
"Cage 4",6,1,1,1,2021-10-02,18,34,56
"Cage 3",6,3,1,1,2021-10-02,18,38,57
"Cage 2",6,3,1,1,2021-10-02,18,45,4
"Cage 5",6,3,1,1,2021-10-02,18,45,28
"Cage 6",6,3,1,1,2021-10-02,18,48,17
"Cage 2",6,3,1,1,2021-10-02,18,49,31
"Cage 5",6,4,1,1,2021-10-02,18,49,44
"Cage 5",6,3,1,1,2021-10-02,18,50,43
"Cage 5",1,3,1,1,2021-10-02,18,54,30
"Cage 5",1,8,1,1,2021-10-03,11,36,40
"Cage 5",1,8,1,1,2021-10-03,11,39,58
"Cage 6",6,7,1,1,2021-10-03,11,44,3
"Cage 1",6,7,1,1,2021-10-03,11,49,52
"Cage 6",6,4,1,1,2021-10-03,11,51,26
"Cage 4",6,8,1,1,2021-10-03,11,54,0
"Cage 5",6,8,1,1,2021-10-03,11,57,33
"Cage 5",1,4,1,1,2021-10-03,11,57,57
"Cage 2",6,7,1,1,2021-10-03,12,1,57
"Cage 6",6,4,1,1,2021-10-03,12,3,34
"Cage 3",6,4,1,1,2021-10-03,12,5,36
"Cage 2",6,7,1,1,2021-10-03,12,8,5
"Cage 5",1,8,1,1,2021-10-03,12,8,23
"Cage 2",1,8,1,1,2021-10-03,12,9,13
"Cage 3",1,8,1,1,2021-10-03,12,10,40
"Cage 2",1,7,1,1,2021-10-03,12,11,23
"Cage 3",6,7,1,1,2021-10-03,12,12,21
"Cage 3",6,7,1,1,2021-10-03,12,12,36
"Cage 3",6,4,1,1,2021-10-03,12,16,23
"Cage 5",6,7,1,1,2021-10-03,12,17,12
"Cage 6",6,7,1,1,2021-10-03,12,19,50
"Cage 6",6,3,1,1,2021-10-03,12,20,20
"Cage 2",1,3,1,1,2021-10-03,12,21,10
"Cage 6",6,4,1,1,2021-10-03,12,21,22
"Cage 3",6,7,1,1,2021-10-03,12,26,45
"Cage 4",6,7,1,1,2021-10-03,12,26,55
"Cage 2",6,7,1,1,2021-10-03,12,28,25
"Cage 4",1,3,1,1,2021-10-03,12,31,52
"Cage 3",6,7,1,1,2021-10-03,12,32,19
"Cage 2",6,7,1,1,2021-10-03,12,34,5
"Cage 4",6,7,1,1,2021-10-04,12,50,53
"Cage 4",6,8,1,1,2021-10-04,12,52,58
"Cage 1",7,1,1,1,2021-10-04,12,53,26
"Cage 4",6,7,1,1,2021-10-04,12,53,40
"Cage 6",6,7,1,1,2021-10-04,12,54,25
"Cage 2",6,7,1,1,2021-10-04,12,56,13
"Cage 5",1,8,1,1,2021-10-04,12,56,32
"Cage 5",6,7,1,1,2021-10-04,13,0,32
"Cage 1",7,6,1,1,2021-10-04,13,2,10
"Cage 5",6,4,1,1,2021-10-04,13,7,13
"Cage 2",7,1,1,1,2021-10-04,13,11,5
"Cage 3",6,7,1,1,2021-10-04,13,13,31
"Cage 2",1,8,1,1,2021-10-04,13,17,52
"Cage 4",1,8,1,1,2021-10-04,13,18,6
"Cage 5",6,3,1,1,2021-10-04,13,20,2
"Cage 3",6,7,1,1,2021-10-04,13,21,21
"Cage 3",6,7,1,1,2021-10-04,13,23,14
"Cage 3",6,1,1,1,2021-10-04,13,23,26
"Cage 6",6,7,1,1,2021-10-04,13,25,28
"Cage 2",6,7,1,1,2021-10-04,13,27,49
"Cage 5",6,4,1,1,2021-10-04,13,28,25
"Cage 6",6,3,1,1,2021-10-04,13,30,10
"Cage 5",6,1,1,1,2021-10-04,13,30,28
"Cage 2",6,7,1,1,2021-10-04,13,37,9
"Cage 1",6,7,1,1,2021-10-04,13,38,9
"Cage 6",6,7,1,1,2021-10-04,13,39,40
"Cage 4",6,7,1,1,2021-10-04,13,43,24
"Cage 4",6,1,1,1,2021-10-04,13,46,0
"Cage 5",6,4,1,1,2021-10-05,13,31,1
"Cage 5",1,3,1,1,2021-10-05,13,37,34
"Cage 4",7,3,1,1,2021-10-05,13,38,51
"Cage 2",6,1,1,1,2021-10-05,13,40,28
"Cage 5",6,7,1,1,2021-10-05,13,44,29
"Cage 5",6,7,1,1,2021-10-05,13,48,22
"Cage 4",6,3,1,1,2021-10-05,13,51,54
"Cage 6",6,7,1,1,2021-10-05,13,52,52
"Cage 2",4,3,1,1,2021-10-05,13,54,39
"Cage 6",6,1,1,1,2021-10-05,13,57,2
"Cage 3",6,7,1,1,2021-10-05,14,6,2
"Cage 5",7,3,1,1,2021-10-05,14,12,16
"Cage 3",6,7,1,1,2021-10-05,14,12,32
"Cage 3",6,7,1,1,2021-10-05,14,17,31
"Cage 5",6,3,1,1,2021-10-05,14,19,6
"Cage 2",7,8,1,1,2021-10-05,14,20,18
"Cage 2",6,7,1,1,2021-10-05,14,20,27
"Cage 4",1,3,1,1,2021-10-06,13,23,8
"Cage 4",7,1,1,1,2021-10-06,13,23,25
"Cage 4",6,7,1,1,2021-10-06,13,32,48
"Cage 4",1,3,1,1,2021-10-06,13,33,34
"Cage 3",6,7,1,1,2021-10-06,13,36,43
"Cage 4",6,3,1,1,2021-10-06,13,38,4
"Cage 4",6,4,1,1,2021-10-06,13,39,30
"Cage 2",6,7,1,1,2021-10-06,13,49,27
"Cage 3",7,3,1,1,2021-10-06,13,55,28
"Cage 3",6,7,1,1,2021-10-06,13,57,12
"Cage 3",7,1,1,1,2021-10-06,14,1,40
"Cage 5",7,1,1,1,2021-10-06,14,3,5
"Cage 2",6,7,1,1,2021-10-06,14,3,59
"Cage 5",1,3,1,1,2021-10-06,14,8,6
"Cage 6",6,7,1,1,2021-10-06,14,8,18
"Cage 2",6,8,1,1,2021-10-06,14,8,47
"Cage 2",6,4,1,1,2021-10-06,14,9,13
"Cage 1",6,7,1,1,2021-10-06,14,13,50
"Cage 6",6,8,1,1,2021-10-06,14,19,5
"Cage 6",6,1,1,1,2021-10-06,15,11,51
"Cage 4",6,8,1,1,2021-10-06,15,14,6
"Cage 6",6,7,1,1,2021-10-06,15,16,43
"Cage 5",6,4,1,1,2021-10-06,15,38,38
"Cage 5",6,7,1,1,2021-10-06,15,41,10
"Cage 4",6,8,1,1,2021-10-06,15,41,24
"Cage 4",6,7,1,1,2021-10-06,15,41,34
"Cage 2",1,3,1,1,2021-10-06,15,43,43
"Cage 4",7,3,1,1,2021-10-06,15,45,11
"Cage 4",6,7,1,1,2021-10-06,15,45,49
"Cage 6",6,7,1,1,2021-10-06,15,46,59
"Cage 3",6,7,1,1,2021-10-06,15,49,22
"Cage 4",1,3,1,1,2021-10-06,15,51,14
"Cage 1",1,3,1,1,2021-10-06,15,54,31
"Cage 3",6,1,1,1,2021-10-06,15,54,44
"Cage 4",6,1,1,1,2021-10-06,15,55,3
"Cage 2",7,3,1,1,2021-10-06,15,56,6
"Cage 3",6,7,1,1,2021-10-06,15,57,17
"Cage 4",1,3,1,1,2021-10-06,16,0,0
"Cage 5",6,7,1,1,2021-10-06,16,0,20
"Cage 3",6,8,1,1,2021-10-06,16,4,36
"Cage 5",6,7,1,1,2021-10-06,16,4,48
"Cage 5",1,8,1,1,2021-10-06,16,5,33
"Cage 4",6,7,1,1,2021-10-06,16,7,38
"Cage 3",1,4,1,1,2021-10-06,16,8,18
"Cage 5",4,1,1,2,NA,NA,NA,NA
"Cage 6",3,1,1,2,NA,NA,NA,NA
"Cage 5",3,1,1,2,NA,NA,NA,NA
"Cage 6",3,1,1,2,NA,NA,NA,NA
"Cage 5",3,1,1,2,NA,NA,NA,NA
"Cage 6",3,1,1,2,NA,NA,NA,NA
"Cage 6",3,1,1,2,NA,NA,NA,NA
"Cage 6",3,1,1,2,NA,NA,NA,NA
"Cage 6",3,1,1,2,NA,NA,NA,NA
"Cage 6",3,1,1,2,NA,NA,NA,NA
"Cage 6",6,1,1,2,NA,NA,NA,NA
"Cage 2",6,1,1,2,NA,NA,NA,NA
"Cage 5",6,1,1,2,NA,NA,NA,NA
"Cage 6",6,1,1,2,NA,NA,NA,NA
"Cage 5",6,1,1,2,NA,NA,NA,NA
"Cage 6",6,1,1,2,NA,NA,NA,NA
"Cage 4",6,1,1,2,NA,NA,NA,NA
"Cage 3",6,1,1,2,NA,NA,NA,NA
"Cage 5",6,1,1,2,NA,NA,NA,NA
"Cage 6",7,1,1,2,NA,NA,NA,NA
"Cage 1",7,1,1,2,NA,NA,NA,NA
"Cage 2",7,1,1,2,NA,NA,NA,NA
"Cage 2",7,1,1,2,NA,NA,NA,NA
"Cage 2",7,1,1,2,NA,NA,NA,NA
"Cage 2",7,1,1,2,NA,NA,NA,NA
"Cage 2",7,1,1,2,NA,NA,NA,NA
"Cage 4",8,1,1,2,NA,NA,NA,NA
"Cage 5",8,1,1,2,NA,NA,NA,NA
"Cage 3",8,1,1,2,NA,NA,NA,NA
"Cage 4",8,1,1,2,NA,NA,NA,NA
"Cage 4",8,1,1,2,NA,NA,NA,NA
"Cage 5",8,1,1,2,NA,NA,NA,NA
"Cage 3",8,1,1,2,NA,NA,NA,NA
"Cage 6",8,1,1,2,NA,NA,NA,NA
"Cage 4",8,1,1,2,NA,NA,NA,NA
"Cage 6",8,1,1,2,NA,NA,NA,NA
"Cage 2",8,1,1,2,NA,NA,NA,NA
"Cage 2",8,1,1,2,NA,NA,NA,NA
"Cage 5",8,1,1,2,NA,NA,NA,NA
"Cage 5",8,1,1,2,NA,NA,NA,NA
"Cage 5",8,1,1,2,NA,NA,NA,NA
"Cage 3",8,1,1,2,NA,NA,NA,NA
"Cage 2",8,1,1,2,NA,NA,NA,NA
"Cage 3",8,1,1,2,NA,NA,NA,NA
"Cage 3",8,1,1,2,NA,NA,NA,NA
"Cage 1",8,1,1,2,NA,NA,NA,NA
"Cage 6",8,1,1,2,NA,NA,NA,NA
"Cage 6",8,1,1,2,NA,NA,NA,NA
"Cage 1",8,1,1,2,NA,NA,NA,NA
"Cage 2",8,1,1,2,NA,NA,NA,NA
"Cage 6",8,1,1,2,NA,NA,NA,NA
"Cage 6",8,1,1,2,NA,NA,NA,NA
"Cage 6",8,1,1,2,NA,NA,NA,NA
"Cage 1",8,1,1,2,NA,NA,NA,NA
"Cage 2",8,1,1,2,NA,NA,NA,NA
"Cage 2",8,1,1,2,NA,NA,NA,NA
"Cage 4",8,1,1,2,NA,NA,NA,NA
"Cage 5",8,1,1,2,NA,NA,NA,NA
"Cage 5",8,1,1,2,NA,NA,NA,NA
"Cage 3",8,1,1,2,NA,NA,NA,NA
"Cage 2",8,1,1,2,NA,NA,NA,NA
"Cage 2",8,1,1,2,NA,NA,NA,NA
"Cage 1",1,3,1,2,NA,NA,NA,NA
"Cage 1",1,3,1,2,NA,NA,NA,NA
"Cage 1",4,3,1,2,NA,NA,NA,NA
"Cage 5",4,3,1,2,NA,NA,NA,NA
"Cage 2",6,3,1,2,NA,NA,NA,NA
"Cage 2",6,3,1,2,NA,NA,NA,NA
"Cage 6",6,3,1,2,NA,NA,NA,NA
"Cage 6",6,3,1,2,NA,NA,NA,NA
"Cage 3",6,3,1,2,NA,NA,NA,NA
"Cage 6",7,3,0.5,2,NA,NA,NA,NA
"Cage 2",7,3,1,2,NA,NA,NA,NA
"Cage 3",7,3,1,2,NA,NA,NA,NA
"Cage 1",8,3,1,2,NA,NA,NA,NA
"Cage 1",8,3,1,2,NA,NA,NA,NA
"Cage 1",8,3,1,2,NA,NA,NA,NA
"Cage 1",8,3,1,2,NA,NA,NA,NA
"Cage 1",8,3,1,2,NA,NA,NA,NA
"Cage 2",8,3,1,2,NA,NA,NA,NA
"Cage 1",8,3,1,2,NA,NA,NA,NA
"Cage 1",8,3,1,2,NA,NA,NA,NA
"Cage 3",8,3,1,2,NA,NA,NA,NA
"Cage 4",8,3,1,2,NA,NA,NA,NA
"Cage 1",8,3,1,2,NA,NA,NA,NA
"Cage 3",8,3,1,2,NA,NA,NA,NA
"Cage 6",8,3,1,2,NA,NA,NA,NA
"Cage 2",8,3,1,2,NA,NA,NA,NA
"Cage 6",8,3,1,2,NA,NA,NA,NA
"Cage 3",8,3,1,2,NA,NA,NA,NA
"Cage 2",8,3,1,2,NA,NA,NA,NA
"Cage 2",8,3,1,2,NA,NA,NA,NA
"Cage 2",8,3,1,2,NA,NA,NA,NA
"Cage 2",8,3,1,2,NA,NA,NA,NA
"Cage 1",8,3,1,2,NA,NA,NA,NA
"Cage 5",8,3,1,2,NA,NA,NA,NA
"Cage 2",8,3,1,2,NA,NA,NA,NA
"Cage 2",8,3,1,2,NA,NA,NA,NA
"Cage 2",8,3,1,2,NA,NA,NA,NA
"Cage 2",8,3,1,2,NA,NA,NA,NA
"Cage 1",8,3,1,2,NA,NA,NA,NA
"Cage 2",8,3,1,2,NA,NA,NA,NA
"Cage 3",8,3,1,2,NA,NA,NA,NA
"Cage 2",8,3,1,2,NA,NA,NA,NA
"Cage 3",8,3,1,2,NA,NA,NA,NA
"Cage 4",8,3,1,2,NA,NA,NA,NA
"Cage 3",8,3,1,2,NA,NA,NA,NA
"Cage 6",8,3,1,2,NA,NA,NA,NA
"Cage 6",8,3,1,2,NA,NA,NA,NA
"Cage 2",8,3,1,2,NA,NA,NA,NA
"Cage 6",8,3,1,2,NA,NA,NA,NA
"Cage 4",8,3,1,2,NA,NA,NA,NA
"Cage 6",8,3,1,2,NA,NA,NA,NA
"Cage 2",8,3,1,2,NA,NA,NA,NA
"Cage 6",8,3,1,2,NA,NA,NA,NA
"Cage 2",8,3,1,2,NA,NA,NA,NA
"Cage 6",8,3,1,2,NA,NA,NA,NA
"Cage 2",8,3,1,2,NA,NA,NA,NA
"Cage 2",8,3,1,2,NA,NA,NA,NA
"Cage 2",8,3,1,2,NA,NA,NA,NA
"Cage 2",8,3,1,2,NA,NA,NA,NA
"Cage 2",8,3,1,2,NA,NA,NA,NA
"Cage 1",8,3,1,2,NA,NA,NA,NA
"Cage 5",8,3,1,2,NA,NA,NA,NA
"Cage 4",8,3,1,2,NA,NA,NA,NA
"Cage 2",8,3,1,2,NA,NA,NA,NA
"Cage 2",8,3,1,2,NA,NA,NA,NA
"Cage 3",8,3,1,2,NA,NA,NA,NA
"Cage 6",8,3,1,2,NA,NA,NA,NA
"Cage 2",8,3,1,2,NA,NA,NA,NA
"Cage 4",8,3,1,2,NA,NA,NA,NA
"Cage 6",8,3,1,2,NA,NA,NA,NA
"Cage 6",8,3,1,2,NA,NA,NA,NA
"Cage 3",8,3,1,2,NA,NA,NA,NA
"Cage 1",8,3,1,2,NA,NA,NA,NA
"Cage 5",8,3,1,2,NA,NA,NA,NA
"Cage 6",8,3,1,2,NA,NA,NA,NA
"Cage 3",8,3,1,2,NA,NA,NA,NA
"Cage 6",8,3,1,2,NA,NA,NA,NA
"Cage 3",8,3,1,2,NA,NA,NA,NA
"Cage 1",8,3,1,2,NA,NA,NA,NA
"Cage 6",8,3,1,2,NA,NA,NA,NA
"Cage 4",8,3,1,2,NA,NA,NA,NA
"Cage 2",8,3,1,2,NA,NA,NA,NA
"Cage 4",8,3,1,2,NA,NA,NA,NA
"Cage 2",8,3,1,2,NA,NA,NA,NA
"Cage 3",8,3,1,2,NA,NA,NA,NA
"Cage 6",8,3,1,2,NA,NA,NA,NA
"Cage 1",8,3,1,2,NA,NA,NA,NA
"Cage 3",8,3,1,2,NA,NA,NA,NA
"Cage 3",8,3,1,2,NA,NA,NA,NA
"Cage 1",8,3,1,2,NA,NA,NA,NA
"Cage 1",3,4,1,2,NA,NA,NA,NA
"Cage 4",3,4,1,2,NA,NA,NA,NA
"Cage 5",3,4,1,2,NA,NA,NA,NA
"Cage 4",3,4,1,2,NA,NA,NA,NA
"Cage 2",3,4,1,2,NA,NA,NA,NA
"Cage 4",6,4,1,2,NA,NA,NA,NA
"Cage 4",6,4,1,2,NA,NA,NA,NA
"Cage 2",6,4,1,2,NA,NA,NA,NA
"Cage 2",6,4,1,2,NA,NA,NA,NA
"Cage 6",6,4,1,2,NA,NA,NA,NA
"Cage 6",6,4,1,2,NA,NA,NA,NA
"Cage 6",6,4,1,2,NA,NA,NA,NA
"Cage 5",6,4,1,2,NA,NA,NA,NA
"Cage 6",7,4,1,2,NA,NA,NA,NA
"Cage 2",7,4,1,2,NA,NA,NA,NA
"Cage 3",7,4,1,2,NA,NA,NA,NA
"Cage 2",7,4,1,2,NA,NA,NA,NA
"Cage 4",8,4,1,2,NA,NA,NA,NA
"Cage 6",8,4,1,2,NA,NA,NA,NA
"Cage 2",8,4,1,2,NA,NA,NA,NA
"Cage 6",8,4,1,2,NA,NA,NA,NA
"Cage 3",8,4,1,2,NA,NA,NA,NA
"Cage 4",8,4,1,2,NA,NA,NA,NA
"Cage 4",8,4,1,2,NA,NA,NA,NA
"Cage 2",8,4,1,2,NA,NA,NA,NA
"Cage 3",8,4,1,2,NA,NA,NA,NA
"Cage 2",8,4,1,2,NA,NA,NA,NA
"Cage 2",8,4,1,2,NA,NA,NA,NA
"Cage 3",8,4,1,2,NA,NA,NA,NA
"Cage 6",8,4,1,2,NA,NA,NA,NA
"Cage 3",8,4,1,2,NA,NA,NA,NA
"Cage 6",8,4,1,2,NA,NA,NA,NA
"Cage 1",8,4,1,2,NA,NA,NA,NA
"Cage 2",8,4,1,2,NA,NA,NA,NA
"Cage 6",8,4,1,2,NA,NA,NA,NA
"Cage 4",8,4,1,2,NA,NA,NA,NA
"Cage 4",8,4,1,2,NA,NA,NA,NA
"Cage 1",8,4,1,2,NA,NA,NA,NA
"Cage 5",8,4,1,2,NA,NA,NA,NA
"Cage 6",7,6,1,2,NA,NA,NA,NA
"Cage 6",7,6,1,2,NA,NA,NA,NA
"Cage 6",7,6,1,2,NA,NA,NA,NA
"Cage 3",7,6,1,2,NA,NA,NA,NA
"Cage 2",7,6,1,2,NA,NA,NA,NA
"Cage 5",7,6,1,2,NA,NA,NA,NA
"Cage 1",8,6,1,2,NA,NA,NA,NA
"Cage 4",8,6,1,2,NA,NA,NA,NA
"Cage 5",8,6,1,2,NA,NA,NA,NA
"Cage 3",8,6,1,2,NA,NA,NA,NA
"Cage 2",8,6,1,2,NA,NA,NA,NA
"Cage 4",8,6,1,2,NA,NA,NA,NA
"Cage 2",8,6,1,2,NA,NA,NA,NA
"Cage 5",8,6,1,2,NA,NA,NA,NA
"Cage 6",8,6,1,2,NA,NA,NA,NA
"Cage 2",8,6,1,2,NA,NA,NA,NA
"Cage 2",8,6,1,2,NA,NA,NA,NA
"Cage 4",8,6,1,2,NA,NA,NA,NA
"Cage 2",8,6,1,2,NA,NA,NA,NA
"Cage 5",8,6,1,2,NA,NA,NA,NA
"Cage 6",8,6,1,2,NA,NA,NA,NA
"Cage 4",8,6,1,2,NA,NA,NA,NA
"Cage 1",8,6,1,2,NA,NA,NA,NA
"Cage 3",8,6,1,2,NA,NA,NA,NA
"Cage 5",8,6,1,2,NA,NA,NA,NA
"Cage 5",8,6,1,2,NA,NA,NA,NA
"Cage 6",8,6,1,2,NA,NA,NA,NA
"Cage 3",8,6,1,2,NA,NA,NA,NA
"Cage 2",8,6,1,2,NA,NA,NA,NA
"Cage 3",8,6,1,2,NA,NA,NA,NA
"Cage 2",8,6,1,2,NA,NA,NA,NA
"Cage 2",8,6,1,2,NA,NA,NA,NA
"Cage 1",8,6,1,2,NA,NA,NA,NA
"Cage 1",8,6,1,2,NA,NA,NA,NA
"Cage 6",8,6,1,2,NA,NA,NA,NA
"Cage 6",8,6,1,2,NA,NA,NA,NA
"Cage 6",8,6,1,2,NA,NA,NA,NA
"Cage 2",8,6,1,2,NA,NA,NA,NA
"Cage 2",8,6,1,2,NA,NA,NA,NA
"Cage 2",8,6,1,2,NA,NA,NA,NA
"Cage 2",8,6,1,2,NA,NA,NA,NA
"Cage 2",8,6,1,2,NA,NA,NA,NA
"Cage 3",8,6,1,2,NA,NA,NA,NA
"Cage 2",8,6,1,2,NA,NA,NA,NA
"Cage 4",8,6,1,2,NA,NA,NA,NA
"Cage 2",8,6,1,2,NA,NA,NA,NA
"Cage 3",8,6,1,2,NA,NA,NA,NA
"Cage 2",8,6,1,2,NA,NA,NA,NA
"Cage 6",8,6,1,2,NA,NA,NA,NA
"Cage 3",8,6,1,2,NA,NA,NA,NA
"Cage 5",8,6,1,2,NA,NA,NA,NA
"Cage 2",8,6,1,2,NA,NA,NA,NA
"Cage 2",8,6,1,2,NA,NA,NA,NA
"Cage 3",8,6,1,2,NA,NA,NA,NA
"Cage 5",8,6,1,2,NA,NA,NA,NA
"Cage 6",8,6,1,2,NA,NA,NA,NA
"Cage 6",8,6,1,2,NA,NA,NA,NA
"Cage 5",8,6,1,2,NA,NA,NA,NA
"Cage 5",8,6,1,2,NA,NA,NA,NA
"Cage 5",8,6,1,2,NA,NA,NA,NA
"Cage 2",8,6,1,2,NA,NA,NA,NA
"Cage 6",8,6,1,2,NA,NA,NA,NA
"Cage 3",8,6,1,2,NA,NA,NA,NA
"Cage 3",8,6,1,2,NA,NA,NA,NA
"Cage 3",8,6,1,2,NA,NA,NA,NA
"Cage 5",8,6,1,2,NA,NA,NA,NA
"Cage 1",6,7,1,2,NA,NA,NA,NA
"Cage 6",6,7,1,2,NA,NA,NA,NA
"Cage 3",6,7,1,2,NA,NA,NA,NA
"Cage 1",6,7,1,2,NA,NA,NA,NA
"Cage 1",6,7,1,2,NA,NA,NA,NA
"Cage 6",8,7,1,2,NA,NA,NA,NA
"Cage 4",8,7,1,2,NA,NA,NA,NA
"Cage 2",8,7,1,2,NA,NA,NA,NA
"Cage 6",8,7,1,2,NA,NA,NA,NA
"Cage 2",8,7,1,2,NA,NA,NA,NA
"Cage 1",8,7,1,2,NA,NA,NA,NA
"Cage 6",8,7,1,2,NA,NA,NA,NA
"Cage 1",8,7,1,2,NA,NA,NA,NA
"Cage 3",8,7,1,2,NA,NA,NA,NA
"Cage 4",8,7,1,2,NA,NA,NA,NA
"Cage 4",8,7,1,2,NA,NA,NA,NA
"Cage 5",8,7,1,2,NA,NA,NA,NA
"Cage 1",8,7,1,2,NA,NA,NA,NA
"Cage 4",8,7,1,2,NA,NA,NA,NA
"Cage 2",8,7,1,2,NA,NA,NA,NA
"Cage 4",8,7,1,2,NA,NA,NA,NA
"Cage 4",8,7,1,2,NA,NA,NA,NA
"Cage 1",8,7,1,2,NA,NA,NA,NA
"Cage 6",8,7,1,2,NA,NA,NA,NA
"Cage 2",8,7,1,2,NA,NA,NA,NA
"Cage 3",8,7,1,2,NA,NA,NA,NA
"Cage 6",8,7,1,2,NA,NA,NA,NA
"Cage 2",8,7,1,2,NA,NA,NA,NA
"Cage 2",8,7,1,2,NA,NA,NA,NA
"Cage 2",8,7,1,2,NA,NA,NA,NA
"Cage 2",8,7,1,2,NA,NA,NA,NA
"Cage 2",8,7,1,2,NA,NA,NA,NA
"Cage 2",8,7,1,2,NA,NA,NA,NA
"Cage 3",8,7,1,2,NA,NA,NA,NA
"Cage 4",8,7,1,2,NA,NA,NA,NA
"Cage 2",8,7,1,2,NA,NA,NA,NA
"Cage 4",8,7,1,2,NA,NA,NA,NA
"Cage 4",8,7,1,2,NA,NA,NA,NA
"Cage 2",8,7,1,2,NA,NA,NA,NA
"Cage 2",8,7,1,2,NA,NA,NA,NA
"Cage 3",8,7,1,2,NA,NA,NA,NA
"Cage 2",8,7,1,2,NA,NA,NA,NA
"Cage 3",8,7,1,2,NA,NA,NA,NA
"Cage 2",8,7,1,2,NA,NA,NA,NA
"Cage 3",8,7,1,2,NA,NA,NA,NA
"Cage 5",8,7,1,2,NA,NA,NA,NA
"Cage 1",8,4,1,2,NA,NA,NA,NA
"Cage 1",6,8,1,2,NA,NA,NA,NA
"Cage 3",8,6,1,2,NA,NA,NA,NA
"Cage 1",7,8,1,2,NA,NA,NA,NA
"Cage 2",4,2,1,3,2021-10-18,11,11,15
"Cage 5",7,4,1,3,2021-10-18,11,11,57
"Cage 3",7,4,1,3,2021-10-18,11,12,16
"Cage 2",7,4,1,3,2021-10-18,11,13,30
"Cage 6",7,3,1,3,2021-10-18,11,13,52
"Cage 5",7,4,1,3,2021-10-18,11,18,1
"Cage 5",4,3,1,3,2021-10-18,11,19,3
"Cage 2",7,5,1,3,2021-10-18,11,19,23
"Cage 4",7,4,1,3,2021-10-18,11,19,41
"Cage 1",7,4,1,3,2021-10-18,11,22,34
"Cage 5",7,4,1,3,2021-10-18,11,22,48
"Cage 4",7,6,1,3,2021-10-18,11,23,2
"Cage 5",4,5,1,3,2021-10-18,11,24,27
"Cage 5",7,4,1,3,2021-10-18,11,24,52
"Cage 3",7,4,1,3,2021-10-18,11,26,48
"Cage 5",4,3,1,3,2021-10-18,11,27,14
"Cage 5",3,4,1,3,2021-10-18,11,28,11
"Cage 6",7,6,1,3,2021-10-18,11,29,35
"Cage 3",7,6,1,3,2021-10-18,11,30,6
"Cage 3",7,6,1,3,2021-10-18,11,30,19
"Cage 4",3,6,1,3,2021-10-18,11,30,45
"Cage 2",5,6,1,3,2021-10-18,11,32,7
"Cage 4",5,6,1,3,2021-10-18,11,32,25
"Cage 4",7,2,1,3,2021-10-18,11,33,48
"Cage 4",3,6,1,3,2021-10-18,11,34,32
"Cage 1",7,5,1,3,2021-10-18,11,35,52
"Cage 5",7,5,1,3,2021-10-18,11,36,43
"Cage 1",4,3,1,3,2021-10-18,11,37,2
"Cage 3",7,6,1,3,2021-10-18,11,39,7
"Cage 2",7,3,1,3,2021-10-18,11,39,29
"Cage 6",7,2,1,3,2021-10-18,11,40,19
"Cage 4",7,5,1,3,2021-10-18,11,40,36
"Cage 5",7,3,1,3,2021-10-18,11,42,7
"Cage 2",7,5,1,3,2021-10-18,11,42,25
"Cage 4",7,4,1,3,2021-10-18,11,43,16
"Cage 1",3,6,1,3,2021-10-18,11,43,26
"Cage 2",2,5,1,3,2021-10-18,11,44,25
"Cage 5",4,2,1,3,2021-10-18,11,45,41
"Cage 3",7,5,1,3,2021-10-18,11,46,9
"Cage 6",7,3,1,3,2021-10-18,11,46,54
"Cage 2",2,5,1,3,2021-10-18,11,47,20
"Cage 4",7,4,1,3,2021-10-18,11,47,37
"Cage 3",7,3,1,3,2021-10-18,11,47,54
"Cage 1",5,6,1,3,2021-10-18,11,48,13
"Cage 2",7,3,1,3,2021-10-18,11,49,18
"Cage 4",7,2,1,3,2021-10-18,11,50,2
"Cage 1",7,3,1,3,2021-10-18,11,53,6
"Cage 3",4,3,1,3,2021-10-18,12,0,15
"Cage 4",5,3,1,3,2021-10-18,12,1,27
"Cage 1",7,4,1,3,2021-10-18,12,3,2
"Cage 2",7,4,1,3,2021-10-18,12,3,49
"Cage 2",2,7,1,3,2021-10-18,12,5,25
"Cage 2",7,6,1,3,2021-10-18,12,50,21
"Cage 2",7,6,1,3,2021-10-18,12,50,45
"Cage 4",7,6,1,3,2021-10-18,12,50,58
"Cage 4",7,3,1,3,2021-10-18,12,54,17
"Cage 4",7,6,1,3,2021-10-18,12,54,53
"Cage 4",7,5,1,3,2021-10-18,12,55,3
"Cage 3",7,6,1,3,2021-10-18,12,57,31
"Cage 1",7,4,1,3,2021-10-18,13,6,28
"Cage 1",4,3,1,3,2021-10-18,13,7,41
"Cage 1",3,2,1,3,2021-10-18,13,11,50
"Cage 1",7,4,1,3,2021-10-18,13,14,24
"Cage 1",7,4,1,3,2021-10-18,13,19,37
"Cage 1",7,3,1,3,2021-10-18,13,20,36
"Cage 4",2,5,1,3,2021-10-18,13,26,29
"Cage 3",7,4,1,3,2021-10-18,13,27,10
"Cage 3",7,4,1,3,2021-10-18,13,27,21
"Cage 4",3,6,1,3,2021-10-18,13,31,2
"Cage 1",7,2,1,3,2021-10-18,13,31,52
"Cage 1",7,4,1,3,2021-10-18,13,32,58
"Cage 3",7,5,1,3,2021-10-18,13,33,54
"Cage 6",7,2,1,3,2021-10-18,13,34,14
"Cage 1",7,2,1,3,2021-10-18,13,34,45
"Cage 2",7,3,1,3,2021-10-18,13,36,7
"Cage 2",7,6,1,3,2021-10-18,13,36,23
"Cage 1",4,6,1,3,2021-10-18,13,41,24
"Cage 1",4,5,1,3,2021-10-18,13,42,1
"Cage 1",7,2,1,3,2021-10-18,13,42,11
"Cage 1",7,4,1,3,2021-10-18,13,43,18
"Cage 3",7,3,1,3,2021-10-18,13,43,27
"Cage 6",7,6,1,3,2021-10-18,13,43,44
"Cage 2",7,2,1,3,2021-10-18,13,44,6
"Cage 4",7,6,1,3,2021-10-19,12,1,40
"Cage 4",4,2,1,3,2021-10-19,12,5,39
"Cage 4",4,3,1,3,2021-10-19,12,5,46
"Cage 2",4,6,1,3,2021-10-19,12,6,13
"Cage 2",4,5,1,3,2021-10-19,12,6,24
"Cage 2",7,4,1,3,2021-10-19,12,6,33
"Cage 5",7,3,1,3,2021-10-19,12,6,47
"Cage 1",7,3,1,3,2021-10-19,12,7,27
"Cage 4",7,4,1,3,2021-10-19,12,7,49
"Cage 2",7,4,1,3,2021-10-19,12,7,57
"Cage 2",7,4,1,3,2021-10-19,12,12,9
"Cage 1",7,3,1,3,2021-10-19,12,13,54
"Cage 5",7,6,1,3,2021-10-19,12,16,21
"Cage 1",7,4,1,3,2021-10-19,12,18,13
"Cage 2",7,5,1,3,2021-10-19,12,30,8
"Cage 1",7,4,1,3,2021-10-19,12,31,58
"Cage 3",7,4,1,3,2021-10-19,12,32,24
"Cage 4",7,2,1,3,2021-10-19,12,32,39
"Cage 1",7,6,1,3,2021-10-19,12,36,24
"Cage 2",7,5,1,3,2021-10-19,12,37,30
"Cage 2",7,4,1,3,2021-10-20,14,3,6
"Cage 4",7,6,1,3,2021-10-20,14,6,49
"Cage 3",6,5,1,3,2021-10-20,14,20,35
"Cage 1",7,6,1,3,2021-10-20,14,40,37
"Cage 2",7,6,1,3,2021-10-20,14,44,5
"Cage 2",7,4,1,3,2021-10-20,14,47,31
"Cage 2",7,6,1,3,2021-10-20,14,47,41
"Cage 1",7,6,1,3,2021-10-20,14,49,8
"Cage 4",7,4,1,3,2021-10-20,14,49,59
"Cage 1",7,3,1,3,2021-10-20,14,51,14
"Cage 5",7,6,1,3,2021-10-20,14,53,43
"Cage 2",4,6,1,3,2021-10-20,14,54,56
"Cage 2",7,4,1,3,2021-10-21,14,3,46
"Cage 5",7,3,1,3,2021-10-21,14,10,26
"Cage 5",7,5,1,3,2021-10-21,14,11,12
"Cage 5",7,6,1,3,2021-10-21,14,15,15
"Cage 1",7,4,1,3,2021-10-21,14,19,23
"Cage 2",7,3,1,3,2021-10-21,14,21,37
"Cage 1",4,2,1,3,2021-10-21,14,26,59
"Cage 4",7,6,1,3,2021-10-21,14,27,12
"Cage 3",4,6,1,3,2021-10-21,14,29,24
"Cage 5",7,4,1,3,2021-10-21,14,29,37
"Cage 1",7,3,1,3,2021-10-21,14,34,48
"Cage 2",7,4,1,3,2021-10-21,14,42,39
"Cage 1",7,5,1,3,2021-10-21,14,47,49
"Cage 4",7,4,1,3,2021-10-21,14,50,15
"Cage 2",4,5,1,3,2021-10-22,13,39,18
"Cage 1",7,3,1,3,2021-10-22,13,40,19
"Cage 2",4,3,1,3,2021-10-22,13,40,29
"Cage 2",7,3,1,3,2021-10-22,13,41,19
"Cage 2",4,3,1,3,2021-10-22,13,43,2
"Cage 5",7,5,1,3,2021-10-22,13,43,12
"Cage 2",7,6,1,3,2021-10-22,13,45,23
"Cage 3",7,6,1,3,2021-10-22,13,48,14
"Cage 3",4,6,1,3,2021-10-22,13,50,22
"Cage 2",7,5,1,3,2021-10-22,13,50,35
"Cage 2",4,6,1,3,2021-10-22,13,51,40
"Cage 2",7,4,1,3,2021-10-22,13,51,50
"Cage 2",7,3,1,3,2021-10-22,13,54,27
"Cage 2",7,5,1,3,2021-10-22,14,0,40
"Cage 4",4,5,1,3,2021-10-22,14,3,15
"Cage 2",4,5,1,3,2021-10-22,14,9,41
"Cage 2",4,3,1,3,2021-10-22,14,26,38
"Cage 2",7,4,1,3,2021-10-23,14,55,11
"Cage 1",7,4,1,3,2021-10-23,14,57,5
"Cage 6",7,4,1,3,2021-10-23,15,26,59
"Cage 5",7,4,1,3,2021-10-23,15,48,41
"Cage 1",4,6,1,3,2021-10-24,13,36,58
"Cage 5",7,4,1,3,2021-10-24,13,37,25
"Cage 2",4,3,1,3,2021-10-24,13,40,5
"Cage 1",7,4,1,3,2021-10-24,13,41,42
"Cage 2",5,6,1,3,2021-10-24,13,43,0
"Cage 2",7,5,1,3,2021-10-24,13,43,11
"Cage 3",7,3,1,3,2021-10-24,13,47,40
"Cage 4",7,4,1,3,2021-10-24,13,52,24
"Cage 2",4,6,1,3,2021-10-24,13,57,59
"Cage 2",7,2,1,3,2021-10-24,13,58,52
"Cage 6",7,3,1,3,2021-10-24,14,0,59
"Cage 1",7,4,1,3,2021-10-24,14,1,12
"Cage 2",4,3,1,3,2021-10-24,14,2,47
"Cage 3",7,3,1,3,2021-10-24,14,6,39
"Cage 6",7,4,1,3,2021-10-25,12,51,57
"Cage 1",7,4,1,3,2021-10-25,12,57,46
"Cage 2",4,6,1,3,2021-10-25,12,58,17
"Cage 5",6,5,1,3,2021-10-25,13,1,29
"Cage 5",4,6,1,3,2021-10-25,13,1,48
"Cage 5",7,4,1,3,2021-10-25,13,2,20
"Cage 6",7,5,1,3,2021-10-25,13,2,28
"Cage 6",4,2,1,3,2021-10-25,13,3,31
"Cage 2",4,6,1,3,2021-10-25,13,5,14
"Cage 2",4,2,1,3,2021-10-25,13,7,6
"Cage 2",4,2,1,3,2021-10-25,13,10,3
"Cage 2",7,5,1,3,2021-10-25,13,10,27
"Cage 2",4,6,1,3,2021-10-25,13,11,26
"Cage 3",7,3,1,3,2021-10-25,13,12,20
"Cage 3",7,5,1,3,2021-10-25,13,12,40
"Cage 2",4,6,1,3,2021-10-25,13,13,21
"Cage 4",7,4,1,3,2021-10-25,13,13,32
"Cage 6",4,2,1,3,2021-10-25,13,16,10
"Cage 6",7,4,1,3,2021-10-25,13,16,28
"Cage 4",4,6,1,3,2021-10-25,13,25,45
"Cage 3",7,5,1,3,2021-10-25,13,26,6
"Cage 2",7,4,1,3,2021-10-25,13,26,16
"Cage 3",4,2,1,3,2021-10-25,13,32,34
"Cage 3",7,4,1,3,2021-10-25,13,37,21
"Cage 3",7,2,1,3,2021-10-25,13,45,2
"Cage 5",7,5,1,3,2021-10-26,13,37,28
"Cage 3",4,2,1,3,2021-10-26,13,40,19
"Cage 1",7,5,1,3,2021-10-26,13,41,42
"Cage 5",7,5,1,3,2021-10-26,13,42,21
"Cage 2",4,2,1,3,2021-10-26,13,47,0
"Cage 4",4,2,1,3,2021-10-26,13,47,13
"Cage 5",2,5,1,3,2021-10-26,13,54,29
"Cage 2",4,2,1,3,2021-10-27,11,38,11
"Cage 2",4,2,1,3,2021-10-27,11,38,46
"Cage 6",7,4,1,3,2021-10-27,12,2,27
"Cage 4",4,3,1,3,2021-10-27,12,2,56
"Cage 1",7,3,1,3,2021-10-27,12,4,46
"Cage 6",4,6,1,3,2021-10-27,12,4,58
"Cage 3",7,5,1,3,2021-10-27,12,5,10
"Cage 5",4,5,1,3,2021-10-27,12,5,37
"Cage 4",4,3,1,3,2021-10-27,12,6,41
"Cage 3",7,2,1,3,2021-10-27,12,8,13
"Cage 2",7,5,1,3,2021-10-27,12,11,50
"Cage 2",4,2,1,3,2021-10-27,12,12,7
"Cage 1",4,6,1,3,2021-10-27,12,13,36
"Cage 3",4,6,1,3,2021-10-27,12,13,52
"Cage 5",4,2,1,3,2021-10-27,12,14,12
"Cage 3",4,6,1,3,2021-10-27,12,14,21
"Cage 2",4,6,1,3,2021-10-27,12,16,0
"Cage 5",4,6,1,3,2021-10-27,12,16,18
"Cage 2",7,2,1,3,2021-10-27,12,17,25
"Cage 4",5,6,1,3,2021-10-27,12,18,11
"Cage 2",7,2,1,3,2021-10-27,12,24,15
"Cage 6",7,5,1,3,2021-10-27,13,41,20
"Cage 3",7,5,1,3,2021-10-27,13,43,42
"Cage 2",7,2,1,3,2021-10-27,13,45,47
"Cage 3",7,6,1,3,2021-10-27,13,47,22
"Cage 3",4,3,1,3,2021-10-27,13,49,34
"Cage 2",7,4,1,3,2021-10-27,14,16,37
"Cage 4",7,6,1,3,2021-10-27,14,25,1
"Cage 3",7,4,1,4,2021-10-18,12,11,1
"Cage 6",7,3,1,4,2021-10-18,12,12,1
"Cage 5",7,6,1,4,2021-10-18,12,12,28
"Cage 4",7,4,1,4,2021-10-18,12,12,47
"Cage 5",7,3,1,4,2021-10-18,12,14,51
"Cage 4",7,3,1,4,2021-10-18,12,15,6
"Cage 1",7,3,1,4,2021-10-18,12,17,38
"Cage 6",6,4,1,4,2021-10-18,12,18,8
"Cage 5",7,6,1,4,2021-10-18,12,19,50
"Cage 1",6,3,1,4,2021-10-18,12,22,22
"Cage 1",7,6,1,4,2021-10-18,12,26,30
"Cage 1",7,2,1,4,2021-10-18,12,31,31
"Cage 2",7,2,1,4,2021-10-18,12,31,55
"Cage 2",7,2,1,4,2021-10-18,12,32,38
"Cage 2",7,5,1,4,2021-10-18,12,32,56
"Cage 1",7,6,1,4,2021-10-18,12,33,22
"Cage 1",7,6,1,4,2021-10-18,12,36,35
"Cage 1",7,4,1,4,2021-10-18,12,36,58
"Cage 4",7,4,1,4,2021-10-18,12,37,14
"Cage 2",7,4,1,4,2021-10-18,12,37,59
"Cage 1",7,4,1,4,2021-10-18,12,38,13
"Cage 1",7,6,1,4,2021-10-18,12,38,45
"Cage 1",7,2,1,4,2021-10-18,12,40,11
"Cage 1",3,4,1,4,2021-10-18,12,41,37
"Cage 2",7,6,1,4,2021-10-18,12,41,56
"Cage 1",7,3,1,4,2021-10-18,12,48,32
"Cage 1",7,4,1,4,2021-10-18,12,48,43
"Cage 3",7,3,1,4,2021-10-18,12,49,20
"Cage 2",7,5,1,4,2021-10-18,12,49,41
"Cage 1",7,2,1,4,2021-10-18,12,50,46
"Cage 1",3,2,1,4,2021-10-18,12,51,41
"Cage 1",7,3,1,4,2021-10-18,12,51,58
"Cage 1",7,6,1,4,2021-10-18,12,52,43
"Cage 1",7,6,1,4,2021-10-18,12,52,58
"Cage 1",7,2,1,4,2021-10-18,12,53,15
"Cage 1",7,2,1,4,2021-10-18,12,53,31
"Cage 1",3,6,1,4,2021-10-18,12,54,10
"Cage 1",7,6,1,4,2021-10-18,12,54,21
"Cage 2",7,3,1,4,2021-10-18,13,0,15
"Cage 3",7,6,1,4,2021-10-18,13,0,52
"Cage 1",7,3,1,4,2021-10-18,13,1,7
"Cage 2",7,3,1,4,2021-10-18,13,2,7
"Cage 4",7,5,1,4,2021-10-18,13,2,31
"Cage 5",7,2,1,4,2021-10-18,13,2,59
"Cage 5",7,2,1,4,2021-10-18,13,3,25
"Cage 4",7,4,1,4,2021-10-18,13,3,47
"Cage 6",7,6,1,4,2021-10-18,13,4,2
"Cage 5",7,6,1,4,2021-10-18,13,4,29
"Cage 5",7,5,1,4,2021-10-18,13,4,58
"Cage 2",7,6,1,4,2021-10-18,13,5,27
"Cage 2",7,5,1,4,2021-10-18,13,5,45
"Cage 1",7,5,1,4,2021-10-18,13,46,51
"Cage 1",7,6,1,4,2021-10-18,13,47,11
"Cage 4",7,6,1,4,2021-10-18,13,51,38
"Cage 2",7,2,1,4,2021-10-18,13,54,8
"Cage 2",7,5,1,4,2021-10-18,13,56,19
"Cage 1",7,6,1,4,2021-10-18,13,58,22
"Cage 1",7,2,1,4,2021-10-18,13,59,0
"Cage 2",7,4,1,4,2021-10-18,13,59,15
"Cage 5",7,5,1,4,2021-10-18,13,59,30
"Cage 5",7,4,1,4,2021-10-18,14,0,8
"Cage 5",7,3,1,4,2021-10-18,14,0,24
"Cage 3",7,5,1,4,2021-10-18,14,1,36
"Cage 1",7,6,1,4,2021-10-18,14,2,3
"Cage 1",7,6,1,4,2021-10-18,14,2,34
"Cage 2",7,6,1,4,2021-10-18,14,3,20
"Cage 6",7,4,1,4,2021-10-18,14,5,59
"Cage 2",7,5,1,4,2021-10-18,14,8,15
"Cage 1",7,4,1,4,2021-10-18,14,15,51
"Cage 5",7,4,1,4,2021-10-18,14,16,3
"Cage 4",7,5,1,4,2021-10-18,14,20,47
"Cage 2",7,6,1,4,2021-10-18,14,20,56
"Cage 2",7,6,1,4,2021-10-18,14,21,10
"Cage 1",7,6,1,4,2021-10-18,14,22,32
"Cage 1",7,4,1,4,2021-10-18,14,26,11
"Cage 1",7,4,1,4,2021-10-18,14,33,6
"Cage 1",7,3,1,4,2021-10-18,14,33,15
"Cage 1",7,5,1,4,2021-10-18,14,34,1
"Cage 3",7,5,1,4,2021-10-18,14,34,27
"Cage 3",7,5,1,4,2021-10-18,14,34,59
"Cage 3",7,2,1,4,2021-10-18,14,42,4
"Cage 1",7,4,1,4,2021-10-18,14,44,48
"Cage 6",7,4,1,4,2021-10-18,14,45,4
"Cage 1",7,6,1,4,2021-10-19,12,53,22
"Cage 1",7,2,1,4,2021-10-19,13,5,32
"Cage 1",7,5,1,4,2021-10-19,13,19,51
"Cage 2",7,5,1,4,2021-10-19,13,20,6
"Cage 2",7,5,1,4,2021-10-19,13,20,23
"Cage 6",7,5,1,4,2021-10-19,13,20,33
"Cage 3",7,6,1,4,2021-10-19,13,24,52
"Cage 2",7,5,1,4,2021-10-19,13,25,21
"Cage 1",5,6,1,4,2021-10-19,13,25,52
"Cage 5",7,5,1,4,2021-10-19,13,28,50
"Cage 1",5,6,1,4,2021-10-19,13,33,28
"Cage 1",7,5,1,4,2021-10-19,13,44,25
"Cage 2",7,3,1,4,2021-10-20,12,56,13
"Cage 6",7,6,1,4,2021-10-20,12,57,26
"Cage 6",7,2,1,4,2021-10-20,13,4,3
"Cage 2",7,2,1,4,2021-10-20,13,5,2
"Cage 1",7,2,1,4,2021-10-20,13,5,27
"Cage 6",7,3,1,4,2021-10-20,13,6,23
"Cage 4",7,5,1,4,2021-10-20,13,10,1
"Cage 6",7,2,1,4,2021-10-20,13,22,14
"Cage 6",7,4,1,4,2021-10-20,13,22,26
"Cage 6",7,3,1,4,2021-10-20,13,23,36
"Cage 6",7,5,1,4,2021-10-20,13,24,8
"Cage 1",7,2,1,4,2021-10-20,13,26,6
"Cage 6",7,4,1,4,2021-10-20,13,28,2
"Cage 6",7,6,1,4,2021-10-20,13,33,54
"Cage 3",7,3,1,4,2021-10-20,13,34,5
"Cage 6",7,2,1,4,2021-10-20,13,43,45
"Cage 5",7,3,1,4,2021-10-20,13,43,57
"Cage 6",7,4,1,4,2021-10-20,13,47,11
"Cage 6",7,2,1,4,2021-10-20,13,48,13
"Cage 6",7,6,1,4,2021-10-20,13,54,24
"Cage 6",7,6,1,4,2021-10-21,13,9,32
"Cage 1",7,3,1,4,2021-10-21,13,15,33
"Cage 6",7,6,1,4,2021-10-21,13,15,52
"Cage 3",7,5,1,4,2021-10-21,13,23,8
"Cage 5",7,2,1,4,2021-10-21,13,23,27
"Cage 5",3,2,1,4,2021-10-21,13,26,47
"Cage 4",7,3,1,4,2021-10-21,13,27,19
"Cage 5",5,6,1,4,2021-10-21,13,29,49
"Cage 5",7,4,1,4,2021-10-21,13,30,7
"Cage 4",7,5,1,4,2021-10-21,13,34,52
"Cage 5",3,6,1,4,2021-10-21,13,51,46
"Cage 6",7,6,1,4,2021-10-21,13,56,46
"Cage 1",7,3,1,4,2021-10-21,13,58,17
"Cage 6",7,6,1,4,2021-10-21,14,1,32
"Cage 5",7,6,1,4,2021-10-21,14,1,49
"Cage 5",7,5,1,4,2021-10-21,14,1,59
"Cage 4",7,2,1,4,2021-10-22,13,37,38
"Cage 1",7,4,1,4,2021-10-22,13,38,0
"Cage 2",7,3,1,4,2021-10-22,13,39,55
"Cage 3",3,6,1,4,2021-10-22,13,42,29
"Cage 5",7,6,1,4,2021-10-22,13,46,25
"Cage 4",7,4,1,4,2021-10-22,13,52,26
"Cage 5",7,5,1,4,2021-10-22,14,0,23
"Cage 2",7,5,1,4,2021-10-22,14,1,1
"Cage 6",5,2,1,4,2021-10-22,14,2,4
"Cage 6",7,2,1,4,2021-10-22,14,3,32
"Cage 6",7,6,1,4,2021-10-22,14,3,44
"Cage 6",7,2,1,4,2021-10-22,14,4,8
"Cage 6",6,2,1,4,2021-10-22,14,4,45
"Cage 5",7,6,1,4,2021-10-22,14,7,32
"Cage 6",7,2,1,4,2021-10-22,14,7,43
"Cage 1",7,5,1,4,2021-10-22,14,9,54
"Cage 6",7,6,1,4,2021-10-22,14,16,33
"Cage 6",6,2,1,4,2021-10-22,14,17,7
"Cage 1",7,6,1,4,2021-10-22,14,17,55
"Cage 5",7,6,1,4,2021-10-22,14,19,4
"Cage 4",7,5,1,4,2021-10-22,14,29,13
"Cage 5",7,6,1,4,2021-10-22,14,30,3
"Cage 6",7,2,1,4,2021-10-22,14,30,45
"Cage 3",7,2,1,4,2021-10-22,14,31,45
"Cage 2",7,5,1,4,2021-10-22,14,34,8
"Cage 1",7,2,1,4,2021-10-23,15,51,48
"Cage 3",7,5,1,4,2021-10-23,15,51,59
"Cage 3",7,2,1,4,2021-10-23,15,52,14
"Cage 2",7,6,1,4,2021-10-23,15,52,40
"Cage 1",7,5,1,4,2021-10-23,15,54,27
"Cage 2",7,2,1,4,2021-10-23,15,56,30
"Cage 5",7,5,1,4,2021-10-23,15,56,44
"Cage 5",7,2,1,4,2021-10-23,15,59,17
"Cage 6",7,5,1,4,2021-10-23,15,59,27
"Cage 6",7,2,1,4,2021-10-23,15,59,39
"Cage 6",7,6,1,4,2021-10-23,15,59,53
"Cage 6",7,3,1,4,2021-10-23,16,2,15
"Cage 3",7,6,1,4,2021-10-23,16,5,24
"Cage 1",7,2,1,4,2021-10-23,16,5,58
"Cage 3",7,3,1,4,2021-10-23,16,8,4
"Cage 2",7,6,1,4,2021-10-23,16,11,24
"Cage 6",7,2,1,4,2021-10-23,16,16,33
"Cage 6",7,6,1,4,2021-10-23,16,18,43
"Cage 6",7,5,1,4,2021-10-23,16,18,59
"Cage 6",7,6,1,4,2021-10-24,14,31,18
"Cage 4",7,4,1,4,2021-10-24,14,31,30
"Cage 6",7,5,1,4,2021-10-24,14,32,59
"Cage 3",7,6,1,4,2021-10-24,14,35,37
"Cage 6",7,2,1,4,2021-10-24,14,38,47
"Cage 6",7,2,1,4,2021-10-24,14,39,44
"Cage 2",7,5,1,4,2021-10-24,14,47,24
"Cage 5",7,6,1,4,2021-10-24,14,53,23
"Cage 5",7,6,1,4,2021-10-24,14,55,21
"Cage 6",7,2,1,4,2021-10-24,15,1,22
"Cage 4",7,2,1,4,2021-10-24,15,1,34
"Cage 6",7,2,1,4,2021-10-24,15,7,35
"Cage 6",7,6,1,4,2021-10-24,15,10,28
"Cage 6",7,5,1,4,2021-10-24,15,10,41
"Cage 5",7,2,1,4,2021-10-24,15,13,52
"Cage 5",7,6,1,4,2021-10-24,15,26,18
"Cage 6",7,5,1,4,2021-10-25,12,50,36
"Cage 6",7,5,1,4,2021-10-25,12,52,9
"Cage 3",3,4,1,4,2021-10-25,12,54,16
"Cage 1",7,2,1,4,2021-10-25,13,5,58
"Cage 6",7,2,1,4,2021-10-25,13,6,6
"Cage 2",4,2,1,4,2021-10-25,13,6,54
"Cage 2",7,4,1,4,2021-10-25,13,8,0
"Cage 2",7,3,1,4,2021-10-25,13,12,7
"Cage 6",3,5,1,4,2021-10-25,13,28,57
"Cage 6",7,6,1,4,2021-10-25,13,31,16
"Cage 6",7,3,1,4,2021-10-25,13,31,56
"Cage 3",7,3,1,4,2021-10-25,13,34,1
"Cage 3",7,2,1,4,2021-10-25,13,45,19
"Cage 6",7,2,1,4,2021-10-25,13,45,51
"Cage 6",7,6,1,4,2021-10-25,13,48,25
"Cage 4",7,4,1,4,2021-10-26,14,36,25
"Cage 6",7,2,1,4,2021-10-26,14,37,51
"Cage 3",3,2,1,4,2021-10-26,14,41,22
"Cage 4",7,5,1,4,2021-10-26,14,42,52
"Cage 6",7,6,1,4,2021-10-26,14,45,1
"Cage 3",7,6,1,4,2021-10-26,14,46,35
"Cage 3",7,2,1,4,2021-10-26,14,46,56
"Cage 3",7,6,1,4,2021-10-26,14,49,33
"Cage 3",7,2,1,4,2021-10-26,14,55,47
"Cage 2",7,2,1,4,2021-10-26,14,56,17
"Cage 2",3,2,1,4,2021-10-26,15,2,36
"Cage 1",3,4,1,4,2021-10-26,15,4,25
"Cage 4",3,6,1,4,2021-10-26,15,7,51
"Cage 2",3,2,1,4,2021-10-26,15,9,24
"Cage 2",7,3,1,4,2021-10-26,15,9,33
"Cage 2",7,2,1,4,2021-10-26,15,9,43
"Cage 4",7,2,1,4,2021-10-26,15,11,49
"Cage 3",7,2,1,4,2021-10-26,15,13,38
"Cage 6",7,2,1,4,2021-10-26,15,13,55
"Cage 2",6,2,1,4,2021-10-26,15,15,44
"Cage 2",7,6,1,4,2021-10-26,15,15,53
"Cage 4",7,4,1,4,2021-10-26,15,19,6
"Cage 3",7,4,1,4,2021-10-26,15,26,43
"Cage 6",7,2,1,4,2021-10-27,11,31,2
"Cage 6",3,2,1,4,2021-10-27,11,31,12
"Cage 6",7,2,1,4,2021-10-27,11,32,43
"Cage 6",7,2,1,4,2021-10-27,11,32,56
"Cage 6",7,6,1,4,2021-10-27,11,39,37
"Cage 6",7,6,1,4,2021-10-27,11,39,57
"Cage 6",7,5,1,4,2021-10-27,11,40,7
"Cage 5",7,5,1,4,2021-10-27,11,41,32
"Cage 3",7,3,1,4,2021-10-27,11,44,35
"Cage 6",7,4,1,4,2021-10-27,11,44,45
"Cage 4",7,2,1,4,2021-10-27,11,45,2
"Cage 3",7,6,1,4,2021-10-27,11,55,25
"Cage 5",7,6,1,4,2021-10-27,11,56,19
"Cage 3",7,4,1,4,2021-10-27,12,1,38
"Cage 4",7,2,1,4,2021-10-27,12,6,14
"Cage 6",7,3,1,4,2021-10-27,12,6,27
"Cage 3",7,4,1,4,2021-10-27,12,7,5
"Cage 6",5,2,1,4,2021-10-27,12,8,39
"Cage 2",7,5,1,4,2021-10-27,12,9,43
"Cage 6",7,2,1,4,2021-10-27,12,10,2
"Cage 4",7,2,1,4,2021-10-27,12,10,15
"Cage 6",7,2,1,4,2021-10-27,12,10,32
"Cage 4",7,6,1,4,2021-10-27,12,10,53
"Cage 3",7,3,1,4,2021-10-27,12,11,27
"Cage 2",7,6,1,4,2021-10-27,12,14,53
"Cage 2",7,5,1,4,2021-10-27,12,18,53
"Cage 3",7,6,1,4,2021-10-27,12,23,32
"Cage 1",7,6,1,4,2021-10-27,12,25,26
"Cage 6",7,2,1,4,2021-10-27,12,25,55
"Cage 3",7,4,1,4,2021-10-27,12,26,54
"Cage 2",7,6,1,4,2021-10-27,12,28,50
"Cage 6",7,2,1,4,2021-10-27,12,38,4
"Cage 5",7,2,1,4,2021-10-27,12,38,17
"Cage 6",7,2,1,4,2021-10-27,12,38,52
"Cage 1",7,6,1,4,2021-10-27,12,39,52
"Cage 3",7,2,1,4,2021-10-27,12,45,47
"Cage 6",7,2,1,4,2021-10-27,12,45,58
"Cage 4",7,2,1,4,2021-10-27,12,50,0
"Cage 6",7,2,1,4,2021-10-27,12,51,7
"Cage 1",7,6,1,4,2021-10-27,12,51,35
"Cage 3",7,5,1,4,2021-10-27,12,54,41
"Cage 1",7,2,1,4,2021-10-27,12,57,46
"Cage 3",7,4,1,4,2021-10-27,13,3,50
"Cage 4",7,6,1,4,2021-10-27,13,6,4
"Cage 5",7,6,1,4,2021-10-27,13,7,30
"Cage 6",7,5,1,4,2021-10-27,13,8,7
"Cage 6",7,6,1,4,2021-10-27,13,8,17
"Cage 2",7,6,1,4,2021-10-27,13,9,37
"Cage 2",7,5,1,4,2021-10-27,13,11,51
"Cage 6",7,6,1,4,2021-10-27,13,12,51
"Cage 2",7,3,1,4,2021-10-27,13,23,5
"Cage 4",7,6,1,4,2021-10-27,13,24,31
"Cage 6",7,2,1,4,2021-10-27,13,29,41
"Cage 6",7,2,1,4,2021-10-27,13,30,0
"Cage 4",7,6,1,4,2021-10-27,13,30,22
"Cage 2",7,5,1,4,2021-10-27,13,31,33
"Cage 2",7,2,1,4,2021-10-27,13,33,20
"Cage 1",7,2,1,4,2021-10-27,13,33,30
"Cage 2",7,6,1,4,2021-10-27,13,34,56
